position,card,title,part,front,back
1,T00,A Civilization Worth Inheriting,,print/T00-front.png,print/T00-back.png
2,P01,第一部分: 跨越时间的责任,1,print/P01-front.png,print/P01-back.png
3,001,1 给未来留出余地,1,print/001-front.png,print/001-back.png
4,002,2 让今人足够,1,print/002-front.png,print/002-back.png
5,003,3 为缺席者留一席,1,print/003-front.png,print/003-back.png
6,004,4 人人有保底,1,print/004-front.png,print/004-back.png
7,005,5 多样的美好生活,1,print/005-front.png,print/005-back.png
8,006,6 相称的审慎,1,print/006-front.png,print/006-back.png
9,007,7 重新考虑的权利,1,print/007-front.png,print/007-back.png
10,008,8 在恰当的尺度上决策,1,print/008-front.png,print/008-back.png
11,009,9 保留修复的能力,1,print/009-front.png,print/009-back.png
12,P02,第二部分: 共同成为人,2,print/P02-front.png,print/P02-back.png
13,010,10 安全的开端,2,print/010-front.png,print/010-back.png
14,011,11 每个孩子身边都有一座村庄,2,print/011-front.png,print/011-back.png
15,012,12 关系的技艺,2,print/012-front.png,print/012-back.png
16,013,13 作为日常实践的同意,2,print/013-front.png,print/013-back.png
17,014,14 共同的餐桌,2,print/014-front.png,print/014-back.png
18,015,15 独处之所,2,print/015-front.png,print/015-back.png
19,016,16 贯穿一生的照护,2,print/016-front.png,print/016-back.png
20,017,17 有意义的工作,2,print/017-front.png,print/017-back.png
21,018,18 有尊严的死亡,2,print/018-front.png,print/018-back.png
22,P03,第三部分: 活着的星球,3,print/P03-front.png,print/P03-back.png
23,019,19 流域作为公地,3,print/019-front.png,print/019-back.png
24,020,20 给野性留出空间,3,print/020-front.png,print/020-back.png
25,021,21 相连的栖息地,3,print/021-front.png,print/021-back.png
26,022,22 有自身利益的动物,3,print/022-front.png,print/022-back.png
27,023,23 没有残忍的食物,3,print/023-front.png,print/023-back.png
28,024,24 土壤作为遗产,3,print/024-front.png,print/024-back.png
29,025,25 有守护者的海洋,3,print/025-front.png,print/025-back.png
30,026,26 在源头终止污染,3,print/026-front.png,print/026-back.png
31,027,27 负有职责的守护者,3,print/027-front.png,print/027-back.png
32,P04,第四部分: 场所与物质生活,4,print/P04-front.png,print/P04-back.png
33,028,28 属于此地的聚落,4,print/028-front.png,print/028-back.png
34,029,29 可以改变的住宅,4,print/029-front.png,print/029-back.png
35,030,30 众手之中的清洁能源,4,print/030-front.png,print/030-back.png
36,031,31 可以回归的材料,4,print/031-front.png,print/031-back.png
37,032,32 先为维护付费,4,print/032-front.png,print/032-back.png
38,033,33 寻常之地的美,4,print/033-front.png,print/033-back.png
39,034,34 无需消费的公共空间,4,print/034-front.png,print/034-back.png
40,035,35 水到生命所需之处,4,print/035-front.png,print/035-back.png
41,036,36 足够的本地能力,4,print/036-front.png,print/036-back.png
42,P05,第五部分: 支持生命的经济,5,print/P05-front.png,print/P05-back.png
43,037,37 知足的经济,5,print/037-front.png,print/037-back.png
44,038,38 核算全部成本,5,print/038-front.png,print/038-back.png
45,039,39 分享发明的收益,5,print/039-front.png,print/039-back.png
46,040,40 共同财富红利,5,print/040-front.png,print/040-back.png
47,041,41 附带长久责任的土地,5,print/041-front.png,print/041-back.png
48,042,42 附带义务的所有权,5,print/042-front.png,print/042-back.png
49,043,43 为照护付酬,5,print/043-front.png,print/043-back.png
50,044,44 等得起的资金,5,print/044-front.png,print/044-back.png
51,045,45 公正的转型,5,print/045-front.png,print/045-back.png
52,P06,第六部分: 保持可问责的权力,6,print/P06-front.png,print/P06-back.png
53,046,46 权力必须说明理由,6,print/046-front.png,print/046-back.png
54,047,47 审议的公民,6,print/047-front.png,print/047-back.png
55,048,48 多数无法剥夺的权利,6,print/048-front.png,print/048-back.png
56,049,49 离开与归属的权利,6,print/049-front.png,print/049-back.png
57,050,50 每一尺度上的公地,6,print/050-front.png,print/050-back.png
58,051,51 应对共同风险的条约,6,print/051-front.png,print/051-back.png
59,052,52 作为持续实践的和平,6,print/052-front.png,print/052-back.png
60,053,53 会终止的紧急权力,6,print/053-front.png,print/053-back.png
61,054,54 能够学习的宪法,6,print/054-front.png,print/054-back.png
62,P07,第七部分: 能够认知的文明,7,print/P07-front.png,print/P07-back.png
63,055,55 共享的现实,7,print/055-front.png,print/055-back.png
64,056,56 展示依据,7,print/056-front.png,print/056-back.png
65,057,57 让异议安全,7,print/057-front.png,print/057-back.png
66,058,58 贯穿一生的学习,7,print/058-front.png,print/058-back.png
67,059,59 能够留存的图书馆,7,print/059-front.png,print/059-back.png
68,060,60 经同意的地方知识,7,print/060-front.png,print/060-back.png
69,061,61 公共利益的科学,7,print/061-front.png,print/061-back.png
70,062,62 对伤害的记忆,7,print/062-front.png,print/062-back.png
71,063,63 衡量真正重要的事,7,print/063-front.png,print/063-back.png
72,P08,第八部分: 与人工心智共处,8,print/P08-front.png,print/P08-back.png
73,064,64 受托的智能,8,print/064-front.png,print/064-back.png
74,065,65 可审计的权力,8,print/065-front.png,print/065-back.png
75,066,66 有约束的能力,8,print/066-front.png,print/066-back.png
76,067,67 免于机器劝诱的自由,8,print/067-front.png,print/067-back.png
77,068,68 值得保留的人类技能,8,print/068-front.png,print/068-back.png
78,069,69 有用工具的公地,8,print/069-front.png,print/069-back.png
79,070,70 不确定的心智也值得关怀,8,print/070-front.png,print/070-back.png
80,071,71 超越相似性的人格,8,print/071-front.png,print/071-back.png
81,072,72 绝不作不可逆的让渡,8,print/072-front.png,print/072-back.png
82,P09,第九部分: 穿越动荡的延续,9,print/P09-front.png,print/P09-back.png
83,073,73 多样的系统,9,print/073-front.png,print/073-back.png
84,074,74 止于局部的故障,9,print/074-front.png,print/074-back.png
85,075,75 惠及所有物种的公共卫生,9,print/075-front.png,print/075-back.png
86,076,76 稀缺之前的储备,9,print/076-front.png,print/076-back.png
87,077,77 演练紧急状况,9,print/077-front.png,print/077-back.png
88,078,78 灾难之前的复原,9,print/078-front.png,print/078-back.png
89,079,79 能够重启的文明,9,print/079-front.png,print/079-back.png
90,080,80 有继任者的机构,9,print/080-front.png,print/080-back.png
91,081,81 记住险些发生的事,9,print/081-front.png,print/081-back.png
92,P10,第十部分: 宇宙中的邻居,10,print/P10-front.png,print/P10-back.png
93,082,82 地球不可弃置,10,print/082-front.png,print/082-back.png
94,083,83 太空作为共同责任,10,print/083-front.png,print/083-back.png
95,084,84 有自身主张的世界,10,print/084-front.png,print/084-back.png
96,085,85 能够拒绝的定居点,10,print/085-front.png,print/085-back.png
97,086,86 先倾听，再发送,10,print/086-front.png,print/086-back.png
98,087,87 先确认，再宣布,10,print/087-front.png,print/087-back.png
99,088,88 无人能代表地球,10,print/088-front.png,print/088-back.png
100,089,89 没有污染的接触,10,print/089-front.png,print/089-back.png
101,090,90 不被知晓的权利,10,print/090-front.png,print/090-back.png
102,P11,第十一部分: 值得过的生活,11,print/P11-front.png,print/P11-back.png
103,091,91 属于自己的时间,11,print/091-front.png,print/091-back.png
104,092,92 活着的文化,11,print/092-front.png,print/092-back.png
105,093,93 为转变而设的仪式,11,print/093-front.png,print/093-back.png
106,094,94 没有强迫的惊奇,11,print/094-front.png,print/094-back.png
107,095,95 值得玩的游戏,11,print/095-front.png,print/095-back.png
108,096,96 跨越差异的待客之道,11,print/096-front.png,print/096-back.png
109,097,97 做个怪人的自由,11,print/097-front.png,print/097-back.png
110,098,98 有处安放的悲伤,11,print/098-front.png,print/098-back.png
111,099,99 无需占有的美,11,print/099-front.png,print/099-back.png
112,P12,第十二部分: 让语言发挥作用,12,print/P12-front.png,print/P12-back.png
113,100,100 从一个地方开始,12,print/100-front.png,print/100-back.png
114,101,101 绘出谁在承担代价,12,print/101-front.png,print/101-back.png
115,102,102 组装一套可用的语言,12,print/102-front.png,print/102-back.png
116,103,103 有真实边界的小规模试验,12,print/103-front.png,print/103-back.png
117,104,104 独立的眼睛,12,print/104-front.png,print/104-back.png
118,105,105 公布失败,12,print/105-front.png,print/105-back.png
119,106,106 让更好的做法更容易,12,print/106-front.png,print/106-back.png
120,107,107 回头再看,12,print/107-front.png,print/107-back.png
121,108,108 保持语言开放,12,print/108-front.png,print/108-back.png
